{"cameraMode":{"drawMode":0,"name":"Shaded","section":"Shading Mode"},"sceneLighting":true,"audioPlay":false,"sceneViewState":{"m_AlwaysRefresh":false,"showFog":true,"showSkybox":true,"showFlares":true,"showImageEffects":true,"showParticleSystems":true,"showVisualEffectGraphs":true,"m_FxEnabled":true},"in2DMode":false,"pivot":{"x":8.819537162780762,"y":0.4640028476715088,"z":5.305726528167725},"rotation":{"x":0.2231425940990448,"y":0.28555113077163699,"z":-0.06829563528299332,"w":0.9296578168869019},"size":14.114274024963379,"orthographic":false}