{"cameraMode":{"drawMode":0,"name":"Shaded","section":"Shading Mode"},"sceneLighting":false,"audioPlay":false,"sceneViewState":{"m_AlwaysRefresh":false,"showFog":true,"showSkybox":false,"showFlares":true,"showImageEffects":true,"showParticleSystems":true,"showVisualEffectGraphs":true,"m_FxEnabled":true},"in2DMode":false,"pivot":{"x":0.028020381927490236,"y":2.1391708850860597,"z":0.11564755439758301},"rotation":{"x":0.03686064854264259,"y":0.9377174973487854,"z":-0.3294358551502228,"w":0.10588499158620835},"size":2.660367965698242,"orthographic":false}