{"cameraMode":{"drawMode":0,"name":"Shaded","section":"Shading Mode"},"sceneLighting":false,"audioPlay":false,"sceneViewState":{"m_AlwaysRefresh":false,"showFog":true,"showSkybox":false,"showFlares":true,"showImageEffects":true,"showParticleSystems":true,"showVisualEffectGraphs":true,"m_FxEnabled":true},"in2DMode":false,"pivot":{"x":-0.0000470280647277832,"y":-0.02833687700331211,"z":-0.00022378936409950256},"rotation":{"x":-0.4305937588214874,"y":0.20410433411598206,"z":-0.1001695841550827,"w":-0.8737198710441589},"size":0.04951765388250351,"orthographic":false}