{"cameraMode":{"drawMode":0,"name":"Shaded","section":"Shading Mode"},"sceneLighting":false,"audioPlay":false,"sceneViewState":{"m_AlwaysRefresh":false,"showFog":true,"showSkybox":false,"showFlares":true,"showImageEffects":true,"showParticleSystems":true,"showVisualEffectGraphs":true,"m_FxEnabled":true},"in2DMode":false,"pivot":{"x":0.353442907333374,"y":0.857546329498291,"z":0.11525881290435791},"rotation":{"x":0.03686064854264259,"y":0.9377174973487854,"z":-0.3294358551502228,"w":0.10588499158620835},"size":1.5016685724258423,"orthographic":false}